model,accuracy,f1,auc
Logistic Regression,0.6917562724014337,0.3435114503816794,0.7166724476818129
Random Forest,0.7168458781362007,0.5433526011560693,0.7400277488727021
SVM,0.7096774193548387,0.5149700598802395,0.6889235749797664
XGBoost,0.7168458781362007,0.5433526011560693,0.7400277488727021
